host_identity_verified,count,mean,median,std
1,4200,68.54809523809524,63.5,37.4277307423457
0,8775,68.51225071225072,60.0,38.760647386880116
