host_verifications_reviews,count,mean,median,std
1,8241,70.08797476034462,65.0,38.10807195138313
0,4734,65.80101394169836,59.0,38.573952766841785
