host_has_profile_pic,count,mean,median,std
0,35,79.57142857142857,65.0,54.60461395840299
1,12940,68.49397217928903,60.0,38.27811040240645
