host_verifications_email,count,mean,median,std
1,12223,68.86517221631351,61.0,38.36028572001774
0,752,62.976063829787236,58.0,37.47484854095732
