host_verifications_phone,count,mean,median,std
0,69,80.81159420289855,75.0,47.90839155351255
1,12906,68.4581589958159,60.0,38.26690245862878
