host_is_superhost,count,mean,median,std
1,3017,73.60656281073915,70.0,38.75194865493208
0,9958,66.9839325165696,60.0,38.07317796699461
